Apalaí,Apinayé,Apurinã,Bakairi,Guajajara,Guarani,Kadiwéu,Kagwahiva,Kaigáng,Kaiwá,Karajá,Kayabí,kayapó,Macushi,Maxakalí,Mundurukú,Nadëb,Nambikuára,Parecis,Paumarí,Português,Rikbaktsa,Sateré-Mawé,Terena,Tukano,Urubu-Kaapor,Xavánte
"('xine', 856)","('mẽ', 5055)","('xesosi', 568)","('modo', 702)","('aꞌe', 3016)","('haꞌe', 1637)","('niɡ', 1790)","('a', 5233)","('tóg', 3066)","('heꞌi', 1181)","('heka', 1134)","('ꞌga', 4522)","('me', 2601)","('moropai', 974)","('tu', 1624)","('e', 1920)","('do', 2210)","('³', 3124)","('hoka', 1758)","('ida', 1667)","('e', 1028)","('bo', 859)","('e', 2264)","('ne', 1061)","('ɨ', 1875)","('a', 416)","('te', 4530)"
"('tykase', 721)","('nẽ', 4243)","('ininiã', 516)","('jesus', 629)","('nehe', 2075)","('vaꞌe', 765)","('a', 1689)","('ga', 4343)","('mũ', 2492)","('vaꞌe', 1058)","('tahe', 937)","('ꞌgã', 2921)","('ne', 2439)","('pe', 962)","('te', 1409)","('o', 1623)","('nꞌaa', 1671)","('a²', 2743)","('atyo', 680)","('ra', 1165)","('que', 959)","('deus', 839)","('hap', 1532)","('jesus', 514)","('kɨ', 981)","('chay', 249)","('za', 3790)"
"('toto', 689)","('nhũm', 1404)","('teoso', 512)","('deus', 584)","('wà', 1734)","('kuery', 668)","('odaa', 1108)","('g', 3777)","('kỹ', 2329)","('vy', 965)","('ò', 466)","('ꞌjau', 1576)","('nhym', 1378)","('mîrîrî', 908)","('ha', 992)","('ip', 1252)","('ta', 1250)","('na²', 2179)","('nexa', 435)","('aha', 1042)","('o', 888)","('niy', 743)","('miꞌi', 1398)","('xâne', 453)","('yɨ', 782)","('nil', 219)","('i', 3714)"
"('jezu', 684)","('amnhĩ', 1396)","('iua', 423)","('warâ', 576)","('maꞌe', 1051)","('vy', 622)","('me', 1064)","('pe', 2762)","('ag', 2129)","('py', 776)","('jesuisi', 336)","('nupe', 971)","('arỳm', 1338)","('pra', 750)","('ũn', 664)","('g', 894)","('bä', 1136)","('nxe³', 2108)","('jesus', 410)","('va', 846)","('a', 668)","('batu', 642)","('i', 1368)","('ina', 348)","('niîwĩ', 673)","('mana', 199)","('hã', 3597)"
"('mana', 583)","('kot', 1240)","('kãkiti', 341)","('kely', 427)","('pe', 867)","('ꞌrã', 514)","('ane', 978)","('ei', 2044)","('tỹ', 2046)","('pe', 745)","('mahãdu', 332)","('aꞌeramũ', 944)","('ar', 1306)","('pîꞌ', 615)","('tikmũ', 610)","('jesus', 860)","('ti', 1070)","('la²', 1916)","('hatyo', 288)","('ada', 766)","('de', 620)","('sesus', 612)","('hawyi', 1328)","('koati', 326)","('a', 656)","('jesus', 144)","('re', 3244)"
"('eya', 575)","('kãm', 1217)","('atoko', 331)","('ise', 425)","('putar', 796)","('ma', 472)","('ɡ', 674)","('ti', 1619)","('ti', 1992)","('xe', 675)","('tai', 328)","('je', 865)","('ã', 1096)","('toꞌ', 549)","('xop', 538)","('io', 845)","('hã', 1062)","('su²', 1470)","('maisa', 262)","('ari', 750)","('os', 476)","('kytsa', 546)","('yt', 1265)","('yane', 315)","('niî', 654)","('cay', 140)","('wa', 3130)"
"('a', 570)","('o', 1200)","('ninoa', 321)","('myani', 389)","('rehe', 744)","('py', 428)","('ijo', 614)","('jesus', 1607)","('ke', 1360)","('ramo', 649)","('ki', 320)","('upe', 848)","('kam', 1051)","('taꞌpî', 479)","('ãktux', 536)","('be', 564)","('doo', 913)","('ĩ³', 1378)","('hatyaoseta', 257)","('ora', 747)","('jesus', 338)","('ty', 523)","('ti', 1099)","('neko', 314)","('tohô', 643)","('lluy', 135)","('ra', 2739)"
"('mame', 538)","('pa', 1024)","('itxa', 296)","('aguely', 367)","('iꞌi', 638)","('re', 409)","('ina', 522)","('ea', 1329)","('mỹ', 1241)","('vaꞌerã', 600)","('kia', 297)","('jejui', 795)","('ba', 875)","('toꞌya', 440)","('ax', 530)","('u', 547)","('mꞌ', 907)","('ta¹', 1198)","('kakoa', 175)","('a', 722)","('não', 325)","('humo', 501)","('pe', 966)","('ya', 292)","('re', 612)","('diospa', 131)","('mono', 2318)"
"('ritonõpo', 533)","('ho', 948)","('kona', 287)","('olâ', 292)","('kury', 606)","('gui', 369)","('aneotedoɡ', 477)","('po', 1094)","('he', 1200)","('katu', 594)","('iny', 248)","('futat', 680)","('kute', 837)","('tîîse', 394)","('kaxĩy', 518)","('deus', 542)","('bë', 798)","('txa²', 1195)","('exahe', 171)","('ija', 666)","('vocês', 319)","('my', 373)","('tupana', 808)","('oviti', 270)","('wa', 498)","('nila', 125)","('u', 2118)"
"('roropa', 496)","('hãmri', 937)","('ĩkapani', 247)","('xina', 262)","('kwaw', 566)","('rami', 331)","('oji', 477)","('ero', 895)","('nĩ', 1122)","('kwéry', 536)","('deuxu', 242)","('nipo', 670)","('kum', 777)","('jesusya', 359)","('yõg', 496)","('a', 527)","('hẽ', 793)","('wi¹', 1172)","('enore', 164)","('ni', 663)","('do', 307)","('iwaze', 372)","('kahato', 757)","('itukó', 268)","('hɨ', 443)","('ya', 115)","('ma', 1710)"
"('ynara', 378)","('hã', 902)","('hĩte', 208)","('aituo', 248)","('no', 540)","('ramo', 285)","('ica', 475)","('ji', 876)","('hã', 870)","('íxupe', 517)","('aõma', 234)","('ꞌã', 499)","('dja', 734)","('taꞌpîiya', 329)","('yã', 491)","('ma', 445)","('sa', 761)","('te²', 1159)","('hiye', 147)","('bana', 630)","('para', 302)","('zeka', 319)","('raꞌyn', 650)","('yoko', 248)","('âkɨ', 432)","('niptinmi', 114)","('da', 1542)"
"('ropa', 358)","('ã', 851)","('sãkire', 205)","('âmaemo', 234)","('zezuz', 500)","('aguã', 280)","('oko', 453)","('nehẽ', 752)","('ãjag', 855)","('rehe', 516)","('wahe', 231)","('etee', 465)","('ane', 703)","('wanî', 328)","('hãm', 483)","('kay', 444)","('hyb', 625)","('hẽ¹', 1129)","('maheta', 146)","('jesus', 629)","('é', 265)","('tsimaha', 259)","('iesui', 629)","('koane', 241)","('õ', 419)","('ñatac', 114)","('na', 1481)"
"('pyra', 344)","('anẽ', 742)","('kotxi', 203)","('wâgâ', 220)","('tupàn', 495)","('rã', 254)","('jesus', 412)","('tupana', 673)","('ki', 626)","('upe', 508)","('rarybere', 229)","('pẽ', 436)","('memã', 505)","('yeꞌnen', 318)","('topa', 477)","('i', 390)","('da', 606)","('kxai³', 1103)","('atyoite', 132)","('adani', 606)","('se', 237)","('hawa', 244)","('haria', 601)","('vo', 238)","('jesu', 404)","('nin', 104)","('nori', 1371)"
"('poko', 314)","('na', 703)","('nota', 191)","('ara', 218)","('izupe', 492)","('pe', 247)","('ja', 398)","('javo', 460)","('tĩ', 625)","('ha', 497)","('tii', 226)","('te', 424)","('õ', 457)","('sîrîrî', 314)","('pu', 468)","('soat', 338)","('ky', 599)","('ka³', 1034)","('xakore', 123)","('deus', 423)","('com', 226)","('kyze', 235)","('aru', 596)","('koeti', 231)","('ra', 396)","('juc', 88)","('tô', 1215)"
"('matose', 310)","('ri', 697)","('ikara', 177)","('lelâ', 202)","('pà', 491)","('eꞌỹ', 233)","('codaa', 391)","('i', 396)","('ũ', 624)","('hesu', 482)","('tamy', 223)","('are', 370)","('ỳr', 450)","('paapa', 314)","('nũy', 447)","('pe', 337)","('jesus', 587)","('sa²', 994)","('nali', 121)","('da', 360)","('as', 202)","('niaha', 229)","('pote', 538)","('po', 221)","('naâ', 385)","('chaynu', 86)","('aba', 1047)"
"('mã', 292)","('tĩrtũm', 581)","('pakini', 149)","('agâ', 199)","('mehe', 485)","('jesus', 220)","('aɡ', 382)","('nde', 350)","('ã', 607)","('ma', 437)","('rare', 215)","('aꞌere', 362)","('ga', 442)","('jesus', 298)","('yeyox', 386)","('ũm', 299)","('ỹ', 556)","('sxã³', 990)","('ana', 118)","('i', 353)","('no', 179)","('o', 222)","('maꞌato', 459)","('enepone', 210)","('pe', 370)","('sumä', 86)","('ãma', 1005)"
"('ahtao', 283)","('tanhmã', 574)","('erekari', 137)","('watay', 195)","('kar', 482)","('heꞌi', 204)","('naɡ', 343)","('rehe', 346)","('ra', 575)","('nhandejáry', 409)","('bede', 192)","('pẽẽ', 354)","('metĩndjwỳnh', 405)","('warantî', 293)","('hok', 376)","('dak', 269)","('näng', 549)","('li¹', 970)","('akereta', 117)","('hari', 332)","('ele', 175)","('zuba', 218)","('koꞌi', 453)","('oku', 204)","('me', 354)","('chaymi', 83)","('ãne', 837)"
"('yrome', 270)","('kêt', 559)","('ãti', 131)","('awyly', 189)","('wanupe', 461)","('aipoeꞌi', 201)","('odi', 312)","('ig', 325)","('ẽn', 567)","('nde', 370)","('ribi', 188)","('nũ', 334)","('kêt', 393)","('ya', 287)","('hã', 368)","('je', 259)","('hadoo', 501)","('hxai²', 958)","('nehena', 117)","('vani', 330)","('eu', 166)","('iwa', 207)","('waku', 451)","('itea', 198)","('mɨ', 334)","('ichá', 73)","('õ', 760)"
"('oya', 256)","('ma', 541)","('itxana', 130)","('kehoem', 184)","('haw', 449)","('mbaꞌeta', 166)","('pida', 289)","('hugwi', 318)","('han', 546)","('nheꞌẽ', 369)","('di', 181)","('oree', 312)","('jeju', 388)","('pepîn', 286)","('tik', 361)","('pima', 249)","('pꞌop', 455)","('ã³', 872)","('hatya', 114)","('kaimoni', 298)","('mas', 162)","('hi', 202)","('kape', 426)","('a', 164)","('be', 325)","('allin', 66)","('tawamhã', 754)"
"('tõ', 254)","('ka', 529)","('maerekati', 129)","('urâ', 179)","('aze', 422)","('rupi', 156)","('daɡ', 244)","('e', 312)","('to', 546)","('gwi', 357)","('ibutumy', 177)","('janeruwarete', 277)","('bôx', 367)","('awanî', 276)","('mõg', 326)","('am', 236)","('hagä', 448)","('kxi²', 853)","('haliti', 112)","('ihi', 286)","('um', 159)","('ana', 198)","('ewy', 420)","('ákoti', 164)","('noho', 313)","('manam', 64)","('duré', 717)"
"('ynororo', 251)","('tã', 523)","('apaka', 109)","('domodo', 178)","('xe', 400)","('ju', 149)","('joɡ', 217)","('ve', 277)","('jesus', 541)","('ave', 317)","('idi', 173)","('mamaꞌe', 272)","('o', 350)","('mîîkîrî', 275)","('putup', 264)","('cebe', 232)","('tii', 416)","('nũ²', 824)","('xane', 109)","('hiki', 276)","('então', 153)","('tu', 192)","('iꞌatuꞌe', 393)","('hara', 158)","('mɨsâ', 298)","('ari', 60)","('âsi', 675)"
"('rokẽ', 225)","('to', 517)","('ia', 108)","('mâkâ', 164)","('ihe', 383)","('vaꞌekue', 140)","('jiɡ', 207)","('ereki', 272)","('sir', 539)","('hagwã', 311)","('tule', 148)","('ore', 266)","('djwỳnh', 333)","('maasa', 261)","('xexka', 258)","('ekawẽn', 231)","('mä', 413)","('jau³', 768)","('halitinai', 107)","('iki', 252)","('disse', 139)","('harere', 191)","('hamo', 392)","('xoko', 155)","('yã', 296)","('chayćhu', 59)","('hâimana', 666)"
"('morara', 207)","('mã', 482)","('eereka', 104)","('kulâ', 160)","('har', 379)","('peteĩ', 130)","('ijoa', 189)","('ko', 265)","('topẽ', 536)","('jevy', 291)","('kai', 137)","('ree', 230)","('nãm', 327)","('îꞌ', 252)","('mõ', 241)","('em', 229)","('mäh', 362)","('tu', 717)","('waiyexe', 104)","('vara', 247)","('foi', 133)","('nyny', 179)","('pono', 349)","('uhá', 150)","('bu', 290)","('chayurá', 57)","('tãma', 609)"
"('exiryke', 206)","('mex', 471)","('pite', 98)","('toenzepa', 153)","('romo', 364)","('ikuai', 124)","('eliodi', 187)","('no', 260)","('ẽg', 525)","('vaꞌekwe', 271)","('wana', 135)","('ẽẽ', 228)","('amã', 316)","('inkamoro', 216)","('hu', 240)","('juy', 211)","('gó', 356)","('lxi¹', 667)","('xiso', 100)","('abono', 235)","('por', 133)","('ikiahatsa', 172)","('katu', 342)","('ra', 150)","('tɨ', 279)","('rasunpa', 57)","('e', 537)"
"('sã', 205)","('nhĩpêx', 462)","('txamari', 97)","('koendâ', 146)","('rupi', 361)","('porã', 106)","('adi', 180)","('me', 257)","('tũ', 496)","('upéi', 265)","('ijõ', 117)","('awi', 226)","('kôt', 279)","('man', 215)","('ĩhã', 239)","('cuy', 196)","('né', 350)","('jah³', 663)","('hiyeta', 99)","('jaboni', 222)","('eles', 128)","('soho', 157)","('hat', 338)","('e', 145)","('ĩ', 275)","('can', 52)","('di', 518)"
"('maro', 198)","('kapẽr', 446)","('iuasaaki', 92)","('kuru', 141)","('teko', 357)","('oiko', 106)","('e', 180)","('pyri', 240)","('vỹ', 480)","('rami', 254)","('kaiboho', 114)","('ipe', 225)","('gar', 268)","('wanîꞌpî', 193)","('xohix', 235)","('imẽn', 182)","('ji', 322)","('lxi³', 634)","('xoana', 99)","('avini', 220)","('quando', 125)","('eze', 156)","('wo', 338)","('iti', 144)","('o', 271)","('cayan', 51)","('si', 492)"
"('imehnõ', 194)","('hwỳr', 414)","('iuaã', 87)","('lâpylâ', 140)","('amo', 333)","('ae', 105)","('leeɡ', 178)","('rupi', 239)","('gé', 462)","('voi', 252)","('inyõ', 109)","('amũ', 221)","('arkum', 267)","('kupî', 190)","('xix', 234)","('ka', 182)","('dooh', 307)","('xa²', 617)","('iniyalahare', 98)","('fori', 217)","('da', 124)","('kino', 156)","('piat', 311)","('íhae', 143)","('ró', 271)","('chayćhümi', 47)","('wamhã', 475)"
"('kynexine', 190)","('kamã', 401)","('inakari', 87)","('ro', 137)","('wi', 299)","('okuapy', 100)","('iiɡ', 170)","('ahe', 229)","('tá', 432)","('porã', 245)","('jiarỹ', 104)","('maꞌe', 215)","('amijo', 235)","('ton', 179)","('yãy', 217)","('eju', 164)","('däk', 267)","('nãu³', 612)","('nexaha', 97)","('ka', 211)","('em', 115)","('niwatihi', 155)","('miitꞌin', 307)","('koeku', 142)","('niîwã', 254)","('ima', 46)","('zezusi', 470)"
"('ase', 189)","('jejus', 397)","('iuaĩkana', 80)","('idânârâ', 132)","('uzeꞌeg', 296)","('nunga', 94)","('egi', 168)","('ojipe', 208)","('vĩ', 432)","('oho', 241)","('hãbu', 99)","('jarejuwarete', 215)","('amim', 230)","('pata', 172)","('xat', 216)","('tak', 164)","('jé', 252)","('txi³', 563)","('ihiyeha', 97)","('di', 206)","('na', 114)","('aty', 145)","('mekewat', 281)","('kó', 141)","('niikã', 253)","('nuna', 43)","('dama', 463)"
"('se', 185)","('hkôt', 349)","('atão', 78)","('kurâ', 121)","('awa', 284)","('avi', 94)","('ee', 161)","('ehara', 193)","('inh', 415)","('peẽ', 222)","('tuu', 96)","('rakue', 205)","('mex', 221)","('yai', 161)","('tup', 215)","('eyju', 160)","('wë', 216)","('ju³', 559)","('hiyaiya', 96)","('hora', 201)","('deus', 113)","('ikia', 137)","('iꞌewyte', 269)","('i', 131)","('tîro', 245)","('ishcay', 43)","('a', 429)"
"('morarame', 184)","('apa', 344)","('apanakini', 76)","('uguondo', 115)","('ꞌym', 268)","('ou', 94)","('idi', 160)","('kiroki', 187)","('jé', 374)","('eꞌỹ', 220)","('dori', 93)","('ene', 190)","('mỳjja', 218)","('pona', 157)","('ta', 207)","('ixe', 144)","('kä', 215)","('nxa²', 553)","('nikare', 91)","('onira', 193)","('como', 112)","('nikaranaha', 134)","('wẽtup', 264)","('itúkeovo', 122)","('ni', 219)","('tayta', 42)","('â', 427)"
"('exĩko', 171)","('inhmã', 333)","('txineiro', 72)","('awylygue', 112)","('oho', 267)","('voi', 93)","('ida', 152)","('nhi', 185)","('mré', 364)","('oĩ', 218)","('hãwã', 83)","('ki', 184)","('aje', 217)","('morî', 146)","('pa', 203)","('oajẽm', 144)","('kyyh', 212)","('te³', 538)","('xoaha', 90)","('kaija', 190)","('está', 111)","('yhỹ', 133)","('are', 263)","('vanúke', 121)","('weeró', 218)","('śhun', 41)","('we', 409)"
"('kure', 165)","('anhỹr', 332)","('auĩtetxi', 69)","('xirâ', 110)","('taꞌe', 262)","('uka', 90)","('igaataɡ', 135)","('kiro', 183)","('vẽnh', 337)","('upéa', 206)","('aõbo', 82)","('awau', 178)","('be', 213)","('pia', 146)","('yĩy', 196)","('ju', 141)","('hõm', 210)","('ta²', 537)","('xala', 88)","('oniaroa', 188)","('você', 110)","('pe', 133)","('tã', 257)","('êno', 119)","('no', 208)","('dios', 38)","('waihu', 396)"
"('awahtao', 157)","('wa', 327)","('itxari', 68)","('akaemo', 106)","('zeꞌeg', 240)","('rei', 89)","('eledi', 129)","('pype', 182)","('ja', 312)","('ta', 199)","('aõkõ', 81)","('pe', 171)","('ja', 199)","('pemonkonyamîꞌ', 146)","('kummuk', 194)","('ukayũ', 137)","('hẽnh', 203)","('ũ³', 535)","('tyotya', 85)","('athi', 172)","('uma', 109)","('maha', 131)","('aikotã', 250)","('ako', 115)","('wi', 196)","('ama', 37)","('ni', 365)"
"('toytose', 156)","('xà', 312)","('aua', 66)","('inakanhe', 94)","('katu', 225)","('heta', 89)","('aneɡ', 115)","('nahã', 179)","('há', 299)","('my', 186)","('wesemy', 74)","('nanẽ', 170)","('mar', 199)","('maimu', 131)","('max', 190)","('at', 135)","('baad', 202)","('ha²', 533)","('natyo', 85)","('hija', 166)","('pois', 103)","('tuk', 131)","('toꞌe', 247)","('koêti', 115)","('niîkɨ', 195)","('canan', 37)","('ré', 349)"
"('ehtoko', 149)","('jakamã', 310)","('ãki', 63)","('wâne', 92)","('ikatu', 213)","('tu', 88)","('nige', 109)","('ia', 163)","('ha', 293)","('rupi', 172)","('iu', 68)","('ee', 165)","('bẽnjadjwỳr', 198)","('taa', 125)","('ok', 187)","('pũg', 131)","('ma', 190)","('ha³', 521)","('xekohaseti', 83)","('oni', 166)","('isso', 101)","('mytsaty', 130)","('poꞌog', 247)","('kuteâti', 109)","('e', 193)","('jesusta', 36)","('oto', 337)"
"('mokyro', 134)","('ãm', 309)","('imoianariakori', 62)","('kelymo', 88)","('ꞌar', 207)","('oo', 88)","('inoa', 108)","('mombe', 150)","('ũn', 290)","('oiko', 158)","('sõwemy', 66)","('imũ', 147)","('kadjy', 197)","('kaiꞌma', 122)","('ohnãg', 169)","('tag', 125)","('dꞌ', 170)","('ti³', 516)","('hare', 83)","('hida', 157)","('dos', 100)","('tihi', 130)","('yne', 241)","('kene', 103)","('weé', 191)","('caynu', 36)","('rob', 312)"
"('repe', 134)","('koja', 305)","('kiki', 60)","('itaungâ', 88)","('kwer', 201)","('teĩ', 88)","('icoa', 99)","('yma', 148)","('kar', 286)","('rei', 158)","('iwese', 62)","('ojeupe', 133)","('djãm', 196)","('imakuiꞌpî', 120)","('xe', 169)","('õn', 122)","('takꞌëp', 166)","('na¹', 508)","('iraiti', 76)","('kania', 150)","('pai', 98)","('ba', 128)","('kat', 240)","('ínuhiko', 103)","('â', 186)","('mas', 36)","('nhere', 299)"
"('tyya', 129)","('ja', 303)","('iri', 59)","('kurâdo', 86)","('tuwe', 186)","('raꞌy', 85)","('jeɡ', 96)","('hete', 145)","('vẽ', 282)","('uka', 158)","('adee', 62)","('ire', 133)","('tẽ', 191)","('yaꞌ', 119)","('ãte', 167)","('puye', 119)","('wób', 165)","('jah¹', 500)","('exe', 74)","('deua', 148)","('seus', 93)","('ja', 127)","('uwe', 240)","('koêku', 102)","('wiôgɨ', 173)","('llapa', 36)","('mo', 298)"
"('ãko', 127)","('kaxyw', 298)","('auĩte', 59)","('idâly', 86)","('ure', 181)","('regua', 84)","('eco', 95)","('imombe', 145)","('fi', 277)","('ae', 157)","('aõ', 61)","('aipo', 132)","('kati', 188)","('mararî', 106)","('hãpxopmã', 166)","('wara', 118)","('paawä', 164)","('ha¹', 498)","('kalorexe', 72)","('vahoariha', 145)","('senhor', 89)","('atakta', 120)","('ok', 238)","('u', 100)","('naâre', 158)","('taytay', 36)","('ai', 292)"
"('toehse', 123)","('jarẽnh', 266)","('sari', 59)","('koendonro', 85)","('naꞌe', 172)","('pygua', 83)","('o', 95)","('gwovo', 140)","('nỹtĩ', 268)","('ou', 157)","('wese', 60)","('pype', 130)","('kabẽn', 186)","('manniꞌ', 104)","('ka', 164)","('bit', 118)","('hꞌyyb', 158)","('yah³', 489)","('maika', 70)","('hahavi', 138)","('discípulos', 89)","('wasani', 118)","('taꞌi', 232)","('kutí', 93)","('ke', 157)","('pachäćhu', 35)","('taha', 284)"
"('tomo', 122)","('ra', 264)","('iaxitikiri', 57)","('pymâ', 84)","('ko', 168)","('ára', 82)","('ditibigimedi', 93)","('ja', 131)","('jykre', 262)","('ne', 155)","('iribi', 59)","('jee', 128)","('ajte', 175)","('paapaya', 104)","('nõm', 149)","('ya', 117)","('moo', 154)","('je³', 485)","('tyaonita', 69)","('deu', 137)","('homem', 85)","('asaktsa', 114)","('me', 227)","('xanéhiko', 92)","('ẽho', 157)","('achca', 34)","('aima', 245)"
"('moro', 121)","('kwa', 262)","('txari', 57)","('modoram', 83)","('zo', 157)","('reve', 81)","('noɡ', 92)","('aerẽ', 125)","('nén', 256)","('haꞌe', 152)","('aõna', 57)","('futari', 127)","('ren', 175)","('ke', 99)","('nũn', 144)","('osunuy', 110)","('paa', 152)","('ta³', 460)","('maisaiya', 69)","('makhira', 132)","('seu', 85)","('iwatsahi', 112)","('sese', 222)","('hóyeno', 89)","('kẽ', 156)","('nï', 34)","('madâ', 242)"
"('ro', 119)","('amã', 262)","('auakani', 57)","('kua', 80)","('ty', 150)","('mbaꞌemo', 81)","('noiigi', 90)","('hẽa', 123)","('tag', 250)","('omombeꞌu', 151)","('tiiboho', 56)","('peꞌje', 126)","('ôk', 170)","('yawîrî', 98)","('ãxop', 141)","('xe', 110)","('noo', 150)","('hxi²', 434)","('tyaona', 68)","('hoariha', 128)","('sua', 84)","('sizubarẽtsa', 107)","('rakat', 218)","('énomone', 85)","('mɨsâre', 154)","('janay', 34)","('rata', 232)"
"('pona', 114)","('tẽ', 257)","('ipi', 57)","('lelâlâ', 77)","('paw', 141)","('yvy', 75)","('diɡ', 89)","('nhande', 119)","('tó', 247)","('joty', 150)","('ywina', 53)","('esage', 119)","('mrãmri', 167)","('tamîꞌnawîronkon', 94)","('xa', 141)","('warara', 110)","('sahõnh', 150)","('nãn²', 422)","('enomana', 68)","('bini', 122)","('céu', 82)","('wahoro', 106)","('kuap', 217)","('kíxoane', 82)","('wee', 151)","('unay', 33)","('wasu', 229)"
"('toh', 113)","('xwỳnhjaja', 253)","('apoka', 56)","('idyly', 77)","('kwehe', 141)","('yva', 75)","('axinaɡ', 88)","('na', 118)","('ri', 245)","('hese', 149)","('tiu', 53)","('ꞌua', 115)","('meo', 150)","('tamîꞌnawîrî', 93)","('mĩy', 137)","('imẽnpuye', 109)","('wät', 148)","('ye³', 422)","('xamani', 68)","('kohana', 119)","('quem', 79)","('watsa', 105)","('hin', 211)","('poké', 82)","('werê', 148)","('puydï', 33)","('pese', 228)"
"('poe', 104)","('kêp', 250)","('iuamoni', 55)","('ize', 76)","('ywy', 138)","('ri', 75)","('meetediogi', 82)","('reki', 116)","('sóg', 225)","('rire', 143)","('ratximyhỹre', 52)","('tee', 111)","('pi', 149)","('tîpo', 92)","('kuxa', 131)","('jekawẽn', 107)","('panyyg', 148)","('lu²', 415)","('maniya', 67)","('ba', 119)","('será', 78)","('ustsa', 104)","('yn', 211)","('kíxovokoxoane', 80)","('sâ', 142)","('chaynütacmi', 32)","('manhari', 226)"
"('typoetory', 95)","('pre', 248)","('kitxakapirĩka', 54)","('ume', 75)","('arer', 136)","('oĩ', 72)","('anodiotibece', 80)","('katu', 111)","('sór', 219)","('raꞌe', 139)","('biu', 51)","('ne', 106)","('nhõ', 147)","('amîrîꞌnîkon', 91)","('xip', 131)","('uk', 106)","('tób', 141)","('kxai²', 411)","('hiso', 67)","('jahaki', 118)","('filho', 76)","('tsimy', 104)","('pyno', 209)","('enepo', 79)","('kere', 139)","('chulinñatacmi', 31)","('ta', 224)"
"('ke', 91)","('xwỳnhjê', 240)","('xoão', 54)","('mârâ', 73)","('nezewe', 135)","('ombovai', 72)","('idiaaɡ', 79)","('hoi', 111)","('mẽ', 190)","('pende', 138)","('txi', 51)","('ywy', 104)","('ije', 134)","('puꞌkuru', 90)","('nõy', 130)","('epesop', 103)","('me', 140)","('sũ', 401)","('waiye', 64)","('kaba', 117)","('pessoas', 76)","('okyrysaro', 104)","('ete', 206)","('xapa', 78)","('da', 133)","('má', 31)","('siré', 222)"
"('emero', 90)","('e', 233)","('ikinika', 54)","('eynynâ', 71)","('tuwihaw', 132)","('xee', 72)","('niiɡ', 76)","('pavẽi', 110)","('pãꞌi', 171)","('nhande', 135)","('riòre', 50)","('ꞌi', 104)","('tẽn', 133)","('yarakkîrî', 89)","('pet', 125)","('puxim', 101)","('kän', 135)","('ki³', 396)","('ihiye', 63)","('nahina', 109)","('mais', 73)","('amy', 103)","('eꞌat', 204)","('hána', 78)","('di', 130)","('quiquin', 31)","('mari', 218)"
"('waro', 81)","('nà', 230)","('õti', 53)","('ewy', 68)","('teteaꞌu', 119)","('peẽ', 71)","('anaɡ', 75)","('mbo', 106)","('mãn', 170)","('ndive', 119)","('series', 49)","('ajemogyau', 104)","('jabej', 127)","('uurî', 89)","('ũm', 117)","('bima', 98)","('hahỹỹ', 134)","('wãn³', 391)","('tehitiya', 61)","('ibavi', 108)","('depois', 66)","('iktsa', 102)","('topyhuꞌat', 203)","('ákoyea', 77)","('ta', 129)","('nunap', 31)","('me', 206)"
"('mase', 79)","('omu', 230)","('xika', 52)","('keba', 68)","('urewe', 117)","('rire', 69)","('oneleegiwa', 74)","('varuhua', 105)","('ve', 150)","('hikwái', 109)","('uritere', 48)","('mũ', 103)","('pyràk', 124)","('esaꞌ', 88)","('hãpxop', 114)","('ikẽrẽat', 98)","('na', 133)","('tu¹', 384)","('awa', 58)","('aki', 106)","('até', 64)","('atahi', 98)","('eipe', 200)","('koekúti', 76)","('ãpêrã', 129)","('am', 30)","('uptabi', 203)"
"('mokaro', 76)","('tee', 224)","('nopini', 50)","('arâ', 67)","('hekon', 111)","('ijayvu', 69)","('eladi', 71)","('nurã', 102)","('tũg', 140)","('rehegwa', 109)","('ihỹre', 48)","('ꞌwyriara', 103)","('wãnh', 124)","('tanne', 88)","('nũ', 110)","('muwẽnuwẽn', 93)","('taky', 132)","('nah¹', 378)","('ityani', 55)","('kamahini', 99)","('porque', 64)","('ibo', 96)","('naku', 194)","('o', 74)","('ro', 120)","('manachun', 30)","('zéb', 201)"
"('omiry', 72)","('akupỹm', 223)","('iteene', 48)","('ani', 64)","('ne', 111)","('oexa', 66)","('awatiwaji', 70)","('he', 96)","('kórég', 139)","('yvy', 108)","('rarekre', 43)","('re', 98)","('arẽ', 124)","('inkamoroya', 88)","('mũtik', 105)","('iam', 93)","('a', 131)","('lo²', 374)","('tahi', 54)","('niha', 99)","('ao', 64)","('mykaranaha', 96)","('ro', 188)","('koéne', 70)","('sĩ', 117)","('yaćhapacünincuna', 30)","('apito', 192)"
"('yna', 68)","('mẽmoj', 221)","('itxarina', 48)","('moisés', 64)","('ihewe', 99)","('pẽvy', 66)","('beyagi', 69)","('tuhẽ', 96)","('mág', 122)","('moꞌã', 104)","('heto', 42)","('rupi', 95)","('imã', 119)","('nîrî', 85)","('pip', 102)","('ãm', 90)","('pong', 128)","('ain¹', 368)","('xowaka', 53)","('ho', 98)","('todos', 63)","('zinymyrykynahatsa', 94)","('nẽtup', 186)","('emo', 70)","('ko', 115)","('nipäcula', 30)","('romhuri', 179)"
"('pahne', 67)","('hkêt', 219)","('atokokana', 48)","('târâ', 64)","('peme', 99)","('katy', 64)","('ajo', 67)","('javi', 95)","('fag', 121)","('pene', 104)","('reare', 41)","('ajaupe', 95)","('pãnh', 119)","('tiaronkon', 85)","('ah', 98)","('ipi', 90)","('hỹ', 127)","('sa³', 365)","('tyaonitere', 52)","('arabo', 95)","('respondeu', 61)","('maku', 88)","('yi', 180)","('há', 68)","('ó', 115)","('chuya', 28)","('tane', 172)"
"('imepỹ', 67)","('ate', 217)","('atxiĩti', 47)","('ato', 64)","('uhem', 96)","('jave', 64)","('icota', 65)","('u', 92)","('rĩr', 121)","('upéixa', 102)","('xiwena', 40)","('kasi', 95)","('jarẽ', 117)","('anna', 84)","('tayũmak', 97)","('ixeyũ', 90)","('nesaa', 126)","('la³', 364)","('ite', 50)","('jesu', 95)","('assim', 59)","('mykara', 85)","('turan', 179)","('íhikauhiko', 67)","('âro', 113)","('pasaypi', 28)","('ri', 172)"
"('ae', 67)","('pyràk', 202)","('nisãkire', 47)","('tâlâ', 64)","('imumeꞌu', 95)","('ixupe', 64)","('idaaɡ', 64)","('ore', 92)","('ge', 114)","('heta', 102)","('tamyreny', 40)","('anure', 93)","('mebê', 117)","('po', 83)","('hãmyũmmũg', 95)","('cĩcã', 89)","('näk', 126)","('kxa²', 364)","('xini', 50)","('jesua', 92)","('dele', 59)","('hyỹ', 84)","('ehay', 172)","('káxe', 66)","('masá', 108)","('rasun', 28)","('uburé', 170)"
"('etatoko', 64)","('te', 195)","('amarini', 46)","('âmâ', 64)","('umumeꞌu', 94)","('mbaꞌe', 63)","('noko', 64)","('java', 92)","('kri', 111)","('pygwa', 101)","('judeu', 39)","('ꞌjawe', 93)","('tu', 111)","('tiaron', 79)","('mũg', 92)","('dag', 89)","('ããj', 120)","('ka', 356)","('kahare', 49)","('o', 91)","('me', 59)","('sinini', 84)","('iraniaꞌin', 172)","('yara', 65)","('nɨ', 107)","('ćhunca', 27)","('ti', 155)"
"('tuhke', 64)","('kuma', 193)","('oa', 45)","('inweniby', 63)","('pupe', 93)","('ete', 62)","('liɡ', 64)","('itambere', 90)","('kanhkã', 108)","('ruvixa', 100)","('joaõ', 38)","('pejejemogyau', 93)","('djà', 109)","('ta', 78)","('pãyã', 88)","('ag', 88)","('häd', 114)","('nha²', 353)","('nomita', 49)","('naothinia', 90)","('povo', 58)","('iwatahi', 83)","('wuatꞌi', 171)","('koe', 65)","('ya', 107)","('jinantin', 26)","('wama', 154)"
"('konõto', 57)","('kôt', 188)","('ate', 45)","('âtâ', 62)","('iapo', 90)","('ava', 60)","('ini', 62)","('wemimbo', 87)","('jykrén', 105)","('gwĩ', 100)","('iòlòna', 38)","('ako', 90)","('kukràdjà', 108)","('miarî', 78)","('yũmmũg', 87)","('ukat', 87)","('nh', 111)","('yxo²', 353)","('haiyanai', 47)","('vihiki', 90)","('estava', 57)","('utakta', 83)","('rakaria', 169)","('xe', 63)","('toopɨ', 105)","('nunacuna', 25)","('ne', 151)"
"('moroto', 56)","('axpẽn', 187)","('iuaritika', 42)","('awâkâ', 60)","('mo', 88)","('amboae', 57)","('awa', 62)","('pevo', 83)","('kãn', 104)","('ogwahẽ', 99)","('sohoji', 38)","('monou', 90)","('mỳj', 105)","('tauya', 77)","('pexkox', 84)","('buye', 87)","('wahë', 106)","('lxin¹', 347)","('enokoa', 47)","('vaka', 90)","('também', 56)","('sa', 79)","('saꞌawyꞌi', 163)","('xapákuke', 62)","('pakɨ', 103)","('cala', 23)","('zahuré', 149)"
"('ya', 56)","('nom', 186)","('ikinimane', 41)","('ton', 59)","('wanehe', 84)","('guive', 56)","('liciagi', 61)","('oko', 81)","('kã', 102)","('vai', 99)","('wadee', 37)","('nui', 89)","('jarẽnh', 104)","('kaisarî', 76)","('e', 84)","('acat', 87)","('buuj', 105)","('na³', 344)","('xoare', 45)","('oniani', 90)","('meu', 56)","('kabo', 79)","('taꞌatu', 161)","('âti', 60)","('weérã', 102)","('alli', 23)","('zarina', 149)"
"('oty', 56)","('kumrẽx', 181)","('takari', 39)","('eyanmo', 59)","('her', 80)","('heko', 55)","('leeditibige', 61)","('ogwovo', 81)","('kurã', 98)","('gwemimboꞌe', 99)","('pedro', 36)","('wi', 87)","('axwe', 102)","('kaꞌ', 76)","('puxix', 84)","('xipat', 86)","('raky', 104)","('nxa³', 325)","('exaotyakiraharenai', 45)","('dani', 90)","('aos', 56)","('hỹ', 72)","('morekuat', 160)","('mêum', 60)","('kõ', 96)","('cä', 23)","('wasété', 146)"
"('kapu', 54)","('harẽnh', 180)","('auakari', 39)","('myakâwândy', 58)","('hehe', 80)","('ke', 55)","('baɡ', 60)","('jitehe', 81)","('e', 96)","('teĩ', 98)","('rybe', 35)","('mamaꞌeukwaawa', 87)","('kunĩ', 101)","('innape', 76)","('kõmẽn', 81)","('ebuje', 82)","('matëg', 103)","('tãu³', 324)","('tyaoniterenai', 43)","('hini', 89)","('reino', 53)","('anaeze', 67)","('mio', 157)","('yaneko', 58)","('ti', 94)","('mayanpis', 23)","('nhari', 146)"
"('taka', 53)","('mra', 180)","('hĩtari', 39)","('ety', 58)","('uzapo', 80)","('javi', 53)","('nigotaɡ', 59)","('ita', 73)","('venh', 96)","('tee', 96)","('juhuu', 35)","('aꞌe', 87)","('kwỳ', 100)","('eꞌpainon', 75)","('kamah', 79)","('puje', 81)","('herꞌoot', 99)","('so¹', 313)","('xihiye', 43)","('hojaki', 87)","('ser', 52)","('bijoikpe', 67)","('wato', 152)","('ûti', 56)","('masaré', 94)","('tuqui', 23)","('zezusihi', 139)"
"('pitiko', 52)","('piitã', 179)","('kamari', 38)","('awârâ', 58)","('wiko', 75)","('aipoaꞌe', 53)","('ijaa', 58)","('rũi', 73)","('ĩn', 95)","('tetã', 95)","('inatyhy', 35)","('pyri', 86)","('mõ', 98)","('ipîꞌ', 73)","('kopa', 79)","('bewi', 81)","('pé', 95)","('te¹', 309)","('taita', 43)","('mani', 87)","('outros', 51)","('ispe', 67)","('wywo', 146)","('kixôa', 55)","('niîwɨ', 94)","('jinaptinmi', 22)","('sima', 139)"
"('omihpyry', 51)","('xwỳnh', 177)","('imarotari', 38)","('aguelymo', 56)","('awer', 75)","('ojapo', 53)","('laaleɡ', 58)","('erame', 72)","('nĩgtĩ', 93)","('arã', 94)","('nade', 35)","('aꞌjea', 86)","('rã', 98)","('wîtîꞌpî', 72)","('mõktu', 77)","('iap', 81)","('see', 94)","('nxe²', 303)","('aliterexe', 41)","('arini', 80)","('são', 51)","('suão', 66)","('pyi', 146)","('kôe', 54)","('ma', 90)","('un', 22)","('siwi', 137)"
"('po', 50)","('wỳr', 170)","('itxaua', 37)","('itaumbyry', 55)","('weraꞌu', 75)","('eme', 52)","('jaɡ', 57)","('jate', 71)","('tĩg', 93)","('peteĩ', 93)","('inatxi', 34)","('jeꞌega', 83)","('àpênh', 97)","('eꞌpai', 69)","('mũn', 77)","('imẽnpit', 81)","('ajꞌyy', 92)","('wã¹', 302)","('kaisani', 38)","('jahari', 78)","('afirmo', 49)","('sibo', 66)","('uito', 144)","('ko', 53)","('yee', 89)","('nunacunaca', 22)","('wi', 132)"
"('samo', 50)","('ixpa', 165)","('maerekani', 37)","('azagâ', 55)","('re', 73)","('rive', 48)","('lotaɡ', 56)","('koji', 69)","('ga', 90)","('áry', 93)","('tasỹ', 34)","('maꞌeramũ', 82)","('kaprĩ', 95)","('tîweꞌsen', 68)","('hõm', 75)","('okay', 80)","('hꞌyy', 91)","('lai²', 300)","('wenakalati', 38)","('aria', 77)","('estavam', 48)","('atsatu', 65)","('pywo', 143)","('koáne', 53)","('wapa', 89)","('chaypïtam', 22)","('aibâ', 131)"
"('pata', 49)","('pê', 161)","('petro', 37)","('ânguy', 53)","('ài', 72)","('senhor', 47)","('nipodigi', 56)","('remimbo', 66)","('nĩn', 90)","('ko', 92)","('hãwyy', 33)","('nan', 79)","('n', 92)","('anîꞌ', 67)","('kãmãnat', 74)","('kabia', 76)","('joom', 91)","('e³', 292)","('xomana', 38)","('jiniro', 76)","('vai', 48)","('ezektsa', 64)","('tote', 141)","('isóneu', 52)","('masa', 87)","('diosta', 22)","('zé', 131)"
"('moeze', 49)","('paj', 160)","('apiananiri', 36)","('pekodo', 52)","('taꞌyr', 71)","('neĩ', 47)","('axa', 56)","('waramo', 64)","('kósin', 87)","('gwive', 91)","('fariseu', 33)","('nee', 78)","('kubê', 92)","('see', 65)","('pe', 73)","('kug', 74)","('hahỹ', 89)","('xai²', 288)","('xoalini', 38)","('hi', 74)","('mesmo', 46)","('estuba', 64)","('tawa', 140)","('únati', 52)","('erã', 85)","('manamá', 22)","('zô', 128)"
"('peturu', 49)","('no', 159)","('kai', 36)","('tâwâlâ', 52)","('taw', 69)","('oporandu', 46)","('liboonaɡ', 54)","('peko', 64)","('vég', 83)","('ete', 90)","('wedu', 33)","('jane', 76)","('ama', 90)","('yuukuꞌpî', 64)","('xax', 72)","('buk', 73)","('ỹỹ', 86)","('ĩ²', 287)","('enomanaha', 38)","('ja', 73)","('ou', 46)","('kaharere', 63)","('itote', 139)","('apêti', 51)","('hɨre', 83)","('chulin', 19)","('zama', 128)"
"('enara', 48)","('tỳx', 158)","('matamatakoti', 35)","('wao', 51)","('ae', 69)","('oendu', 45)","('yakadi', 54)","('judeus', 63)","('ón', 79)","('ani', 86)","('nieru', 33)","('kwaiwete', 76)","('krãptĩ', 90)","('tîuya', 63)","('pẽnãhã', 71)","('ẽn', 73)","('tawꞌããts', 86)","('ko', 286)","('harenai', 38)","('judeus', 73)","('foram', 45)","('tyryktsa', 62)","('nug', 139)","('ítuke', 50)","('marî', 83)","('nunacunäta', 19)","('rowasu', 127)"
"('tuaro', 48)","('htem', 155)","('xesosimoni', 35)","('mawânkâ', 50)","('peiko', 68)","('ayvu', 44)","('anele', 53)","('nhaporemo', 63)","('kónãn', 78)","('eterei', 81)","('riwahinyre', 31)","('ae', 75)","('rax', 86)","('warayoꞌ', 60)","('ẽgnãg', 70)","('apẽn', 73)","('ãã', 83)","('yxau³', 278)","('tyoa', 36)","('bada', 72)","('ela', 44)","('uta', 60)","('toĩneꞌen', 136)","('hó', 49)","('ipɨ', 83)","('willacünin', 19)","('ui', 125)"
"('pake', 47)","('kêr', 151)","('isãkire', 35)","('myakâwâm', 49)","('temetarer', 68)","('nhanderuete', 44)","('idaa', 52)","('ui', 62)","('mỹr', 75)","('po', 80)","('inatyhymy', 31)","('ꞌawamũ', 74)","('kwãrĩk', 85)","('yeꞌka', 60)","('tok', 68)","('itaybit', 71)","('hahỹỹhti', 82)","('si³', 258)","('nakairati', 36)","('ai', 71)","('perto', 44)","('ipe', 60)","('iꞌatu', 136)","('kúveu', 48)","('diakɨ', 82)","('masqui', 19)","('sina', 125)"
"('joroko', 47)","('kaj', 148)","('auari', 34)","('eyam', 49)","('wer', 66)","('poꞌakaa', 44)","('jinaɡ', 51)","('fariseus', 62)","('ne', 74)","('asy', 79)","('ixi', 31)","('numiamũ', 73)","('no', 84)","('epuꞌtî', 57)","('xi', 67)","('ade', 71)","('hajõk', 81)","('yã¹', 257)","('pedro', 35)","('ojomo', 70)","('estão', 44)","('ahabo', 59)","('miꞌiria', 136)","('oyene', 48)","('ãyuró', 81)","('aśhwanpa', 19)","('ru', 124)"
"('iirypyryme', 47)","('nhỹ', 144)","('iuasaakipeka', 34)","('oday', 48)","('ràm', 65)","('oikuaa', 43)","('ejitaɡ', 51)","('o', 61)","('kejẽn', 73)","('judeu', 76)","('dohodỹỹna', 30)","('muꞌjau', 72)","('aba', 84)","('wenai', 56)","('tak', 65)","('waram', 69)","('tꞌaah', 77)","('a³', 253)","('olo', 35)","('ira', 70)","('tudo', 43)","('ha', 58)","('hawe', 133)","('mani', 46)","('ba', 81)","('cama', 19)","('mori', 116)"
"('morararo', 46)","('hamaxpẽr', 141)","('itomaneri', 34)","('tokalâ', 48)","('omono', 63)","('tetã', 43)","('ijaaɡ', 50)","('yvyakotyve', 61)","('kãmũ', 73)","('jave', 74)","('urile', 30)","('akou', 68)","('nàr', 84)","('nurîꞌtîya', 55)","('tat', 65)","('acã', 69)","('naa', 76)","('si¹', 252)","('haiyaharenai', 34)","('oa', 69)","('dia', 42)","('nikara', 57)","('te', 130)","('kixoku', 45)","('wã', 79)","('jesuspa', 18)","('zém', 115)"
"('kary', 45)","('pix', 137)","('iaõka', 33)","('mawylymo', 47)","('ur', 62)","('vaꞌety', 43)","('eni', 50)","('pedro', 61)","('sỹ', 73)","('peiko', 74)","('adeereny', 30)","('ko', 66)","('mã', 83)","('neken', 55)","('hittap', 64)","('ipiat', 68)","('hawät', 76)","('wxa²', 251)","('ene', 33)","('batista', 68)","('terra', 41)","('wata', 57)","('hamuat', 129)","('ókuke', 45)","('jesuré', 79)","('pay', 18)","('wam', 115)"
"('omipona', 45)","('nhõ', 134)","('pariseoakori', 33)","('unâ', 46)","('xo', 61)","('ramigua', 42)","('igo', 49)","('pyry', 60)","('régre', 73)","('ãy', 72)","('ierydỹỹna', 29)","('imonou', 65)","('nhỹ', 82)","('apîꞌnîkon', 55)","('kux', 64)","('kukukat', 67)","('õm', 75)","('tai²', 250)","('xeta', 33)","('ipohina', 68)","('onde', 41)","('tisapyrẽna', 57)","('uimohey', 127)","('koêkuti', 45)","('kãrã', 76)","('yan', 18)","('pire', 114)"
"('popyra', 45)","('mẽhõ', 133)","('inakori', 32)","('âdara', 46)","('peze', 60)","('opa', 42)","('mee', 48)","('ra', 59)","('nỹ', 71)","('reheve', 71)","('aõkõre', 28)","('mamaꞌea', 65)","('te', 81)","('anîꞌya', 54)","('tep', 64)","('õ', 67)","('panang', 72)","('kan¹', 230)","('koni', 33)","('ini', 66)","('lei', 41)","('tse', 56)","('teran', 126)","('motovâti', 44)","('neê', 75)","('licula', 18)","('asa', 113)"
"('toiro', 45)","('ixkôt', 130)","('ikinipoko', 32)","('aguehobyry', 46)","('we', 59)","('hemimboꞌe', 41)","('wetiɡ', 48)","('te', 59)","('jo', 69)","('jepe', 69)","('rubu', 28)","('tywera', 63)","('dji', 80)","('mîîkîrîya', 54)","('xate', 63)","('õbi', 67)","('badäk', 72)","('kãi³', 226)","('najikinita', 32)","('hina', 65)","('casa', 41)","('hyrikoso', 56)","('atipy', 126)","('koánemaka', 44)","('de', 74)","('chaypi', 18)","('sa', 110)"
"('exiry', 44)","('ixte', 128)","('apakata', 32)","('eynynonro', 46)","('àwàm', 59)","('vai', 39)","('axi', 47)","('hako', 57)","('kãtĩg', 68)","('oporandu', 67)","('iòlò', 27)","('sipo', 62)","('akubyn', 79)","('eꞌtî', 54)","('putuk', 63)","('epe', 67)","('mejũũ', 70)","('wa³', 216)","('ako', 31)","('khai', 64)","('nem', 41)","('zikaha', 56)","('tukupteꞌen', 125)","('itukapu', 44)","('ohâ', 72)","('yaćhapacünincunacta', 18)","('wanomro', 108)"
"('nae', 42)","('kormã', 126)","('sãkirauata', 32)","('wato', 46)","('newe', 59)","('anhetẽ', 39)","('modi', 44)","('ndehe', 57)","('hỹn', 65)","('ore', 67)","('kiamy', 27)","('ojeꞌega', 61)","('prãm', 79)","('nurîꞌtî', 53)","('mãm', 63)","('epeg', 67)","('mahang', 69)","('hẽ³', 216)","('ferakene', 31)","('mahi', 64)","('isto', 41)","('tubabatu', 55)","('saꞌag', 120)","('enepohikone', 43)","('yaá', 72)","('quimsa', 18)","('éré', 107)"
"('kara', 42)","('mar', 124)","('apisatoõ', 31)","('xinaram', 46)","('amogwer', 58)","('kovaꞌe', 37)","('enali', 44)","('hahyva', 56)","('rán', 63)","('omeꞌẽ', 63)","('aõwesele', 27)","('aꞌetea', 61)","('on', 78)","('awanîkon', 52)","('tek', 62)","('eipi', 66)","('bahä', 68)","('nhai¹', 214)","('haxaotyakiraharenai', 31)","('vaipohiki', 63)","('vão', 40)","('zubata', 55)","('wa', 120)","('itínoe', 43)","('weekã', 71)","('jesusman', 17)","('ab', 107)"
"('sero', 42)","('apê', 123)","('hĩtxako', 31)","('aidyly', 45)","('peho', 58)","('ndaꞌevei', 37)","('aca', 43)","('ymyahũ', 54)","('isỹ', 62)","('tipo', 62)","('ibutu', 27)","('pejewau', 61)","('apỹnh', 78)","('yewîꞌ', 52)","('puyĩy', 62)","('moisés', 66)","('nä', 66)","('xi²', 206)","('fariseunai', 30)","('isai', 63)","('dizendo', 38)","('ka', 54)","('no', 117)","('váhere', 43)","('yẽ', 70)","('allinpa', 17)","('apâ', 106)"
"('imehnomo', 42)","('mõ', 122)","('õtisaaki', 30)","('donro', 44)","('zuàw', 58)","('peve', 35)","('oneleegiwadi', 42)","('jara', 54)","('krẽm', 61)","('kuri', 62)","('riwinyre', 26)","('enee', 61)","('aben', 77)","('yairî', 51)","('pax', 61)","('eywebe', 66)","('sii', 66)","('tũ', 206)","('xema', 30)","('avani', 63)","('ali', 38)","('asahi', 53)","('kaipyi', 117)","('koyúhoti', 42)","('yâ', 70)","('camachicuyta', 16)","('hawi', 104)"
"('exiketõ', 42)","('jarẽ', 119)","('ota', 30)","('tâise', 44)","('kwez', 57)","('profeta', 35)","('neɡ', 42)","('onhi', 53)","('rã', 59)","('yváy', 60)","('taerydỹỹna', 26)","('imomeꞌwau', 60)","('bir', 77)","('yentai', 50)","('pẽnã', 60)","('ajo', 65)","('bagꞌããs', 65)","('hi²', 205)","('ekakoa', 29)","('varani', 61)","('pelo', 37)","('iharere', 53)","('o', 117)","('sasá', 42)","('tiropɨ', 69)","('juan', 16)","('hâiba', 101)"
"('nohpo', 41)","('tomnuj', 117)","('sãpiretakari', 29)","('âdy', 42)","('izuwi', 57)","('ovaẽ', 35)","('makaami', 42)","('varuhu', 53)","('pir', 59)","('járy', 57)","('uladu', 25)","('sãꞌã', 60)","('ujarẽnh', 76)","('iipia', 50)","('ãpu', 59)","('buje', 62)","('jawén', 64)","('nũ³', 203)","('koa', 29)","('ianaha', 60)","('contra', 37)","('tsimykaranaha', 53)","('upi', 117)","('póhuti', 42)","('îri', 68)","('maynu', 16)","('tinha', 100)"
"('ehtohme', 41)","('htỳx', 114)","('itixi', 29)","('myara', 42)","('herehe', 57)","('avakue', 34)","('nelegi', 42)","('nahanahã', 53)","('mẽg', 56)","('amombeꞌu', 57)","('tyyriti', 25)","('raꞌe', 59)","('karõ', 74)","('inîꞌrî', 50)","('xak', 59)","('ũ', 62)","('pooj', 64)","('tẽ³', 201)","('koxaka', 29)","('vakava', 60)","('verdade', 37)","('abaka', 51)","('eweiꞌe', 117)","('pi', 41)","('i', 68)","('jatun', 16)","('sib', 100)"
"('tineru', 41)","('prãm', 113)","('nisãpiretai', 29)","('sodo', 42)","('izeꞌeg', 56)","('haꞌvy', 33)","('enice', 42)","('yva', 52)","('kãfór', 56)","('ohexa', 56)","('aõmybo', 25)","('agawewi', 59)","('mỳkam', 74)","('siꞌma', 50)","('pupi', 58)","('ada', 62)","('häj', 61)","('ne³', 194)","('one', 28)","('jahariki', 60)","('fazer', 36)","('sapybara', 51)","('kai', 117)","('ápe', 40)","('sâre', 66)","('achu', 16)","('hâiwa', 98)"
"('zae', 40)","('rãhã', 110)","('niri', 29)","('nhedyly', 41)","('hemimuꞌe', 56)","('mokoĩ', 33)","('anida', 41)","('yra', 51)","('goj', 56)","('maꞌerã', 56)","('aõherekibo', 25)","('ꞌeramũ', 58)","('katon', 72)","('taiya', 49)","('yĩpkox', 58)","('pit', 59)","('karẽn', 61)","('li³', 192)","('exakere', 27)","('sidaji', 59)","('ficou', 35)","('botu', 50)","('en', 117)","('iyea', 40)","('niîsami', 66)","('jinaman', 16)","('nhisi', 96)"
"('imoihmãkõ', 40)","('xwỳnhta', 107)","('sasetotxi', 28)","('saindyly', 41)","('hezeꞌeg', 55)","('vaꞌerã', 32)","('lowooko', 41)","('ikwava', 51)","('pijé', 56)","('róga', 55)","('mahãduõ', 24)","('juã', 57)","('punu', 71)","('amîrî', 49)","('xok', 58)","('jĩjã', 59)","('däg', 59)","('ko³', 192)","('moka', 27)","('vi', 59)","('suas', 35)","('ihumo', 50)","('wyti', 116)","('tiûketi', 40)","('weégɨ', 63)","('chayshi', 16)","('zadawa', 96)"
"('rokene', 40)","('nhỹrmã', 107)","('aamina', 28)","('pedro', 41)","('heta', 54)","('fariseu', 32)","('oditedibece', 40)","('okovo', 51)","('jafã', 55)","('hekoha', 55)","('aõhõkỹmy', 24)","('ere', 56)","('kĩnh', 70)","('awanîꞌpî', 48)","('xap', 58)","('kuka', 58)","('jawꞌyyk', 58)","('ai²', 187)","('ali', 27)","('ava', 59)","('dois', 35)","('skaraba', 50)","('taꞌyn', 108)","('nâti', 39)","('ógɨ', 63)","('aśhta', 15)","('roti', 93)"
"('nono', 40)","('ajamaxpẽr', 106)","('nirekari', 28)","('nhunwym', 40)","('iko', 53)","('ogueraa', 31)","('akaami', 40)","('ria', 50)","('fón', 55)","('anháy', 55)","('òraru', 24)","('jeꞌeg', 56)","('gê', 69)","('ipîkku', 48)","('kutok', 57)","('cũg', 57)","('yt', 58)","('li²', 185)","('hatyohare', 26)","('vaha', 58)","('à', 35)","('moziknaha', 49)","('ewywuat', 106)","('kíxoa', 39)","('yeé', 62)","('nishanta', 15)","('uwe', 92)"
"('ekarõko', 39)","('tãm', 103)","('kinirepa', 28)","('iwymâry', 38)","('aipo', 52)","('amongue', 31)","('eletidi', 40)","('rekoi', 50)","('nĩm', 54)","('yma', 54)","('bina', 24)","('rũi', 55)","('pumũ', 68)","('eserîke', 47)","('gãy', 57)","('juk', 57)","('yb', 58)","('txa³', 182)","('sacerdotenai', 26)","('mahija', 57)","('das', 35)","('kahumo', 49)","('herep', 105)","('ponóvoti', 38)","('karo', 62)","('amcuna', 15)","('nhimiroti', 90)"
"('ahno', 39)","('hte', 101)","('iposo', 27)","('eagonro', 38)","('wexak', 52)","('nhomboꞌe', 31)","('moditalo', 40)","('ite', 50)","('kanhró', 54)","('amyrĩ', 53)","('rỹỹraxire', 23)","('moisesi', 54)","('ajarẽ', 66)","('weiyu', 46)","('tuk', 56)","('ũma', 57)","('judah', 57)","('lu¹', 181)","('akiti', 26)","('bodinia', 56)","('sem', 34)","('ta', 48)","('mo', 103)","('emó', 38)","('rá', 62)","('aw', 15)","('bâ', 89)"
"('kurã', 39)","('kurê', 95)","('pirena', 27)","('eagâ', 38)","('nezewegatete', 51)","('peikuaa', 31)","('joaniɡ', 39)","('nduri', 49)","('jagnẽ', 53)","('fariseu', 53)","('ararybekre', 23)","('ꞌupa', 53)","('akati', 66)","('wei', 46)","('kutõgnãg', 56)","('uy', 56)","('jowãw', 57)","('txai²', 181)","('xaneha', 26)","('khama', 55)","('cidade', 34)","('sohokotsa', 48)","('toto', 103)","('kali', 38)","('rare', 61)","('cära', 15)","('wapari', 86)"
"('oexirykõke', 39)","('omunh', 95)","('uatxa', 27)","('atoram', 37)","('heko', 51)","('áry', 31)","('ani', 39)","('tayri', 49)","('henh', 53)","('haty', 53)","('wahidỹỹdu', 22)","('momeꞌwau', 53)","('pyka', 66)","('namai', 45)","('hah', 56)","('iboap', 55)","('hedoo', 57)","('nũ', 180)","('kasani', 26)","('dohi', 55)","('dizer', 33)","('nisihyrinymyryky', 48)","('miit', 101)","('jûdeu', 37)","('makɨ', 60)","('nilculmi', 15)","('mama', 84)"
